Foreign,1241
Documentary,1121
Drama,1001
Comedy,736
Comedy / Drama,254
Horror,226
Thriller,226
Animation,214
Romantic Comedy,157
Action,103
Drama / Thriller,96
Romance,95
Foreign / Action,74
Crime Drama,69
Action / Adventure,66
Action Comedy,58
Fantasy,56
Horror Thriller,54
Sports Drama,50
Period Drama,49
Music Drama,48
Action Thriller,48
Horror Comedy,46
Family Comedy,43
Crime Thriller,39
Musical,38
Family,36
Action Drama,34
Family Adventure,34
Sci-Fi Action,34
Historical Drama,33
Sci-Fi,30
Adventure,30
Concert,27
Fantasy Drama,26
Foreign / Horror,24
Crime Comedy,24
Sci-Fi Thriller,24
IMAX,24
War Drama,22
Western,21
Action / Crime,20
Sports Comedy,20
Sci-Fi Horror,19
Action Horror,19
Unknown,19
Crime,18
Fantasy Comedy,17
Period Adventure,16
War,15
Sci-Fi Adventure,12
Sci-Fi Comedy,12
Comedy Thriller,11
Romantic Thriller,10
Adventure Comedy,7
Period Action,6
Period Comedy,6
Sci-Fi Fantasy,5
Action Fantasy,4
Western Comedy,3
Historical Epic,2
War Romance,1
Romantic Adventure,1
Sports Action,1
